source,theme,url,title,publish_date,authors,text,summary,word_count,entity_count,keyword_preview
Agência Brasil,politica,https://agenciabrasil.ebc.com.br/politica/noticia/2026-03/congresso-tera-frente-parlamentar-pela-paz-mundial,Congresso terá Frente Parlamentar pela Paz Mundial,2026-03-23T00:00:00,,"Resolução está no Diário Oficial desta segunda-feira (23)

Resolução do Senado publicada no Diário Oficial da União desta segunda-feira (23) cria a Frente Parlamentar pela Paz Mundial no âmbito do Congresso Nacional.

A frente será formada pelos senadores, e é permitida a participação de ex-parlamentares como membros honorários.

De acordo com a Resolução 45/2025, a frente terá regimento próprio e se reunirá nas dependências do Senado Federal.

São objetivos do grupo:

fortalecer a atuação do Congresso Nacional em defesa da paz mundial;

promover o debate e o apoio à tramitação de ações parlamentares voltadas à promoção da paz no Brasil e no mundo;

Apoiar iniciativas voltadas à solução pacífica dos conflitos e à convivência harmônica entre os povos;

O texto foi apresentado pelo senador Flávio Arns (PSB-PR) e recebeu parecer favorável do senador Paulo Paim (PT-RS).","Resolução está no Diário Oficial desta segunda-feira (23)  Resolução do Senado publicada no Diário Oficial da União desta segunda-feira (23) cria a Frente Parlamentar pela Paz Mundial no âmbito do Congresso Nacional.  A frente será formada pelos senadores, e é permitida a participação de ex-parlamentares como membros honorários.  De acordo com a Resolução 45/2025, a frente terá regimento próprio e",136,3,"resolução, frente, diário, oficial, desta, segunda, senado, mundial"
Agência Brasil,politica,https://agenciabrasil.ebc.com.br/politica/noticia/2026-03/lula-critica-uso-da-forca-por-nacoes-ricas-para-invadir-outros-paises,Lula critica uso da força por nações ricas para invadir outros países,2026-03-23T00:00:00,,"Em discurso neste sábado (21) ,durante a 10ª Cúpula de Chefes de Estado e de Governo da Comunidade de Estados Latino-Americanos e Caribenhos (Celac) e do I Fórum Celac-África, em Bogotá, o presidente Luiz Inácio Lula da Silva criticou as crescentes intimidações à soberania da América Latina e do Caribe e a retomada da política colonialista por parte dos Estados Unidos (EUA).

“Não é possível alguém achar que é dono dos outros países. O que estão fazendo com Cuba agora? O que fizeram com a Venezuela? Isso é democrático?

Ele questionou ainda em que parágrafo e em que artigo da Carta da Organização das Nações Unidas (ONU) está dito que o presidente de um país pode invadir o outro? ""Em que documento do mundo está dito isso? Nem da Bíblia. Não existe nada que permita que isso aconteça. É a utilização da força e do poder para nos colonizar outra vez?”.

O presidente citou como exemplo o caso da Bolívia, que sofre com a pressão dos Estados Unidos para a venda dos minerais críticos, como o lítio, utilizados na confecção de baterias elétricas, essenciais à transição para uma matriz energética baseada em fontes renováveis.

Lula citou o passado de países da América Latina, do Caribe e da África, vítimas do regime colonial que saqueou suas riquezas. “Aqui, neste plenário, todo mundo tem experiência de que o seu país já foi saqueado em tudo que é ouro que tinha, tudo que é prata, que é diamante, tudo que é minério”, disse.

“Ou seja, já levaram quase tudo da Bolívia. Agora que a Bolívia tem minerais críticos, é a chance da Bolívia, da África, da América Latina não aceitar ser apenas exportador de minerais para eles”, acrescentou.

O presidente disse ainda que esses materiais devem ser utilizados para promover o desenvolvimento tecnológico dos países africanos e latinoamericanos, para “dar um salto de qualidade na produção de combustíveis alternativos"".

“Quem quiser que venha se instalar e produzir no país, para que a gente tenha a chance de desenvolvê-lo, nós já fomos colonizados, fizemos luta pela independência, conquistamos democracia, perdemos democracia, agora estão querendo nos colonizar outra vez”, defendeu.

Para ele, é preciso gritar alto e bom som para não permitir que isso aconteça em outros países, o que já aconteceu em Gaza recentemente, por exemplo.

O presidente voltou a criticar a falta de atuação do Conselho de Segurança da ONU para impedir a proliferação de conflitos ao redor do mundo. Ele citou os ataques dos EUA e de Israel ao Irã, o genocídio na Faixa de Gaza, os conflito na Líbia e as guerras no Iraque e na Ucrânia.

“O que estamos assistindo no mundo é a falta total e absoluta de funcionamento das Nações Unidas. O Conselho de Segurança da ONU e os seus membros permanentes foram criados para tentar manter a paz. E são eles que estão fazendo as guerras”, afirmou.

Ele defendeu uma tomada de atitude para não permitir que os países mais poderosos se achem donos dos países mais frágeis. ""Quando é que a ONU vai convocar uma reunião extraordinária para que a gente decida qual é o papel dos membros do Conselho de Segurança? Por que não se renova? Por que não se colocam mais países representando o Conselho de Segurança da ONU?, perguntou.

Lula também criticou o investimento cada vez maior em armamentos, em contraste com os recursos destinados ao combate à fome.

“É importante que a gente não perca de vista que, enquanto se gastou no ano passado US$ 2,7 trilhões em armas e guerras, nós ainda temos 630 milhões de pessoas passando fome. Ainda temos milhões de seres humanos sem energia elétrica. E ainda temos milhões de seres humanos sem acesso à educação e outros milhões e milhões de mulheres e crianças que são resultado dessas guerras fratricidas e que ficam abandonados sem documento, sem residência, sem ter sequer uma pátria onde morar”, lamentou.

Além de Lula, participam da cúpula da Celac o presidente colombiano, Gustavo Petro, o uruguaio Yamandú Orsi e o primeiro-ministro de São Vicente e Granadinas, Ralph Gonsalves. Vinte chanceleres também marcam presença

Ao falar da cooperação entre os países africanos, da América Latina e do Caribe, o presidente disse que o multilateralismo traz oportunidades de cooperação, investimento e comércio.

“Ainda somos penalizados por uma ordem desigual, estabelecida, enquanto o colonialismo e o apartheid prevaleciam em muitas partes do mundo. Não faz sentido que a América Latina e a África não tenham representação adequada no Conselho de Segurança da ONU”, afirmou. “Precisamos manter o Atlântico Sul livre de disputas geopolíticas alheias”.

Juntos, os 55 países da União africana e os 33 países da Celac reúnem cerca de 2,2 bilhões de pessoas. Lula destacou que os países devem incrementar os esforços no combate à fome, enfrentamento às mudanças do clima, na preservação do meio ambiente, transição energética, inteligência artificial, entre outros e que essa é a guerra a ser vencida.","Em discurso neste sábado (21) ,durante a 10ª Cúpula de Chefes de Estado e de Governo da Comunidade de Estados Latino-Americanos e Caribenhos (Celac) e do I Fórum Celac-África, em Bogotá, o presidente Luiz Inácio Lula da Silva criticou as crescentes intimidações à soberania da América Latina e do Caribe e a retomada da política colonialista por parte dos Estados Unidos (EUA).  “Não é possível algué",817,5,"lula, américa, latina, mundo, conselho, segurança, milhões, celac"
Agência Brasil,politica,https://agenciabrasil.ebc.com.br/politica/noticia/2026-03/rj-coronel-sylvio-ciuffo-guerra-e-novo-secretario-de-policia-militar,RJ: coronel Sylvio Ciuffo Guerra é novo secretário de Polícia Militar,2026-03-23T00:00:00,,"Marcelo de Menezes deixa o cargo para disputar eleições deste ano

O governador Cláudio Castro nomeou o coronel Sylvio Ricardo Ciuffo Guerra como novo secretário de Polícia Militar (PM), em substituição ao coronel Marcelo de Menezes, que deixa o cargo em razão da desincompatibilização para disputar as eleições deste ano. A decisão foi publicada em edição extraordinária do Diário Oficial dessa sexta-feira (20).

“Quero agradecer ao coronel Marcelo de Menezes pelo trabalho ao longo desses anos e por combater duramente o crime organizado no Rio de Janeiro”, disse Cláudio Castro.

O coronel Menezes foi um dos comandantes da Operação Contenção, em outubro do ano passado, nos complexos da Penha e do Alemão, que resultou na morte de 122 pessoas, entre elas cinco policiais cis e militares.

Sylvio Ciuffo Guerra, de 57 anos, ingressou na PM há 34 anos e tem formação em cursos nas áreas militar e de segurança pública. Atualmente, exercia o cargo de subsecretário de Comando e Controle da corporação, responsável pela gestão do aparato tecnológico de segurança.

Interinos efetivados

Além da nomeação do novo secretário de Polícia Militar, o governador efetivou os secretários interinos Felipe da Costa Brasil, na Agricultura, Pecuária e Abastecimento; Deodônio Cândido de Macedo Neto, no Desenvolvimento Regional do Interior, Pesca e Agricultura Familiar e Rodrigo Dantas Scorzelli na Secretaria de Esporte e Lazer.","Marcelo de Menezes deixa o cargo para disputar eleições deste ano  O governador Cláudio Castro nomeou o coronel Sylvio Ricardo Ciuffo Guerra como novo secretário de Polícia Militar (PM), em substituição ao coronel Marcelo de Menezes, que deixa o cargo em razão da desincompatibilização para disputar as eleições deste ano. A decisão foi publicada em edição extraordinária do Diário Oficial dessa sext",220,2,"menezes, coronel, marcelo, cargo, militar, deixa, disputar, eleições"
Agência Brasil,politica,https://agenciabrasil.ebc.com.br/politica/noticia/2026-03/rio-de-janeiro-tem-novo-prefeito,Rio de Janeiro tem novo prefeito,2026-03-23T00:00:00,,"Em cerimônia no Palácio da Cidade, o vice-prefeito Eduardo Cavaliere tomou posse nesta sexta-feira (20), como novo prefeito da cidade do Rio de Janeiro. Ele substitui o ex-prefeito Eduardo Paes, que vai concorrer ao governo do estado do Rio nas eleições de 3 de outubro .

Em seu discurso, Cavaliere disse que o Rio é uma causa política.

""O Rio é um caso de amor, é a realização do sonho de que a grandeza do Brasil é possível. Nós somos um grupo de pessoas que tem, por princípio e finalidade única, servir ao Rio. Especialmente aqueles que precisam mais”, afirmou.

O prefeito empossado destacou os anos de aprendizado na administração pública, a contínua valorização dos servidores, o compromisso com a superação de obstáculos e com a transformação da cidade.

A cerimônia de transmissão do cargo contou com um momento ecumênico, a participação da Banda da Guarda Municipal, da Orquestra da Maré, além dos cantores Dudu Nobre e Marquinhos de Oswaldo Cruz.

Ao se despedir, Paes agradeceu a Deus, à família, aos amigos e colaboradores. Ele disse “ter a convicção de que após seus quatro mandatos, o Rio é uma cidade melhor, mais desenvolvida, menos desigual, com economia pujante e serviços públicos de qualidade”.","Em cerimônia no Palácio da Cidade, o vice-prefeito Eduardo Cavaliere tomou posse nesta sexta-feira (20), como novo prefeito da cidade do Rio de Janeiro. Ele substitui o ex-prefeito Eduardo Paes, que vai concorrer ao governo do estado do Rio nas eleições de 3 de outubro .  Em seu discurso, Cavaliere disse que o Rio é uma causa política.  ""O Rio é um caso de amor, é a realização do sonho de que a gr",203,2,"cerimônia, eduardo, cavaliere, paes, palácio, vice, tomou, posse"
Agência Brasil,politica,https://agenciabrasil.ebc.com.br/politica/noticia/2026-03/lula-diz-que-cobrara-conselho-de-seguranca-da-onu-sobre-guerra-no-ira,Lula diz que cobrará Conselho de Segurança da ONU sobre guerra no Irã,2026-03-23T00:00:00,,"Presidente afirma que países-membros estão fazendo guerra, e não a paz

O presidente Luiz Inácio Lula da Silva criticou na noite desta quinta-feira (19) os cinco países que fazem parte do Conselho de Segurança da Organização das Nações Unidas (ONU). As declarações envolvem a preocupação do presidente com a guerra no Irã.

Segundo Lula, Estados Unidos, China, Rússia, Reino Unido e França deveriam zelar pela paz no mundo, mas estão fazendo guerra.

“O Conselho de Segurança foi feito para ter responsabilidade e manter a segurança no mundo. Pois são os cinco [países membros] que estão fazendo guerra. São os cinco. Eles produzem mais armas, vendem mais armas”, disse.

“Quem paga o preço das guerras? Os pobres. O ano passado gastaram 2 trilhões e 700 bilhões de dólares em armas. Quanto gastaram em comida? Quanto gastaram em educação? Quanto gastaram para acabar com as pessoas que estão refugiadas, vítimas de guerras insanas?”, acrescentou.

As declarações de Lula ocorreram em discurso no Sindicato dos Metalúrgicos de São Bernardo do Campo (SP), onde anunciou que concorrerá à presidência da República em 2026 e Fernando Haddad será candidato ao governo paulista. O presidente disse ainda que gostaria de contar com o vice-presidente Geraldo Alckmin novamente na chapa, na mesma função.

Banco Master

Lula destacou em seu discurso que as “falcatruas” do Banco Master ocorreram após a aprovação da instituição financeira no Banco Central na gestão do ex-presidente Jair Bolsonaro.

“Vira e mexe, eles tão tentando empurrar para as costas do PT e do governo o [caso do] Banco Master. Esse Banco Master é obra, é ovo da serpente, do Bolsonaro e do Roberto Campos, ex-presidente do Banco Central. E nós não deixaremos pedra sobre pedra para apurar tudo que fizeram dando um golpe de R$ 50 bilhões neste país. E, se a gente não tomar cuidado, vão tentar dizer que fomos nós”.

De acordo com Lula, no começo de 2019, o ex-presidente do Banco Central Ilan Goldfajn negou o reconhecimento do Banco Master.

“Quem reconheceu, em setembro de 2019, foi o Roberto Campos [ex-presidente do BC na gestão Bolsonaro]. E todas as falcatruas foram feitas [nesse período]”.","Presidente afirma que países-membros estão fazendo guerra, e não a paz  O presidente Luiz Inácio Lula da Silva criticou na noite desta quinta-feira (19) os cinco países que fazem parte do Conselho de Segurança da Organização das Nações Unidas (ONU). As declarações envolvem a preocupação do presidente com a guerra no Irã.  Segundo Lula, Estados Unidos, China, Rússia, Reino Unido e França deveriam z",353,8,"banco, lula, master, guerra, gastaram, fazendo, cinco, segurança"
Agência Brasil,politica,https://agenciabrasil.ebc.com.br/politica/noticia/2026-03/lula-destaca-importancia-de-terras-raras-do-brasil-para-america-do-sul,Lula destaca importância de terras raras do Brasil para América do Sul,2026-03-23T00:00:00,,"O presidente Luiz Inácio Lula da Silva defendeu nesta quinta-feira (19), em São Bernardo do Campo, no Grande ABC, que as terras raras e os minerais críticos existentes no Brasil são “a forma de recuperarmos a cidadania da América do Sul”.

""E agora eles querem nos explorar e fazer a mesma coisa que os espanhóis fizeram com minério de ferro e com ouro: levar e deixar os buracos que eles cavam. E dessa vez nós vamos nos juntar para dizer que os mineiros críticos e as terras raras serão uma forma de a gente recuperar a cidadania do povo latino-americano"", disse Lula.

A fala de Lula foi uma resposta ao presidente dos Estados Unidos, Donald Trump, que vem demonstrando interesse em explorar esses minérios do Brasil. Para Lula, nenhum país estrangeiro poderia solucionar os problemas do Brasil, já que a resposta deve vir exclusivamente de nosso próprio território.

“A gente precisa adotar como princípio filosófico de vida que nós - e somente nós - poderemos resolver os nossos problemas, os problemas da nossa soberania, os problemas da integridade territorial e o problema da elevação de vida do povo brasileiro e do povo latino-americano"", concluiu.

Segundo Lula, não será Trump quem vai resolver os problemas da América do Sul. ""Tem países que acham que o Trump vai resolver os problemas que atingem os países da América. Os espanhóis ficaram 500 anos e não resolveram. Os ingleses também ficaram por lá por um tempo e não resolveram. Os americanos não resolveram"", disse.

Mujica

Na tarde de hoje (19), Lula esteve no Centro de Formação e Educação Permanente (Cenforpe), em São Bernardo do Campo (SP), onde participou de uma solenidade de entrega do título de Doutor Honoris Causa (in memoriam) ao ex-presidente do Uruguai Pepe Mujica, pela Universidade Federal do ABC (UFABC).

O evento contou com a presença de Lucía Topolansky, ex-vice-presidente do Uruguai e viúva de Mujica.

Durante o evento, Lula elogiou Mujica, chamando-o de irmão. Após ler uma carta escrita para ele por Mujica, quando foi novamente eleito presidente do Brasil, Lula disse que o uruguaio foi um ótimo ser humano.

""Eu tive o prazer de conviver com o Pepe Mujica depois que ele foi eleito presidente do Uruguai. Eu pude conhecer muito mais do que um presidente da república, eu estava diante de um ser humano muito especial"", falou.

“Para mim, isso tem um valor enorme porque a educação deve alcançar e abrir suas portas universalmente para todos, tanto para aqueles que trabalham quanto para aqueles que ainda não tiveram acesso a ela porque, infelizmente, ao longo da história, as universidades nem sempre proporcionaram esse espaço”, disse Lucía Topolansky, durante a cerimônia.

Lucía entregou à universidade uma cópia do livro de Mujica, chamado Semillas al Viento (sementes ao vento).

“Que a vida de Pepe Mujica seja uma inspiração para nossa juventude, para as nossas universidades e para todas e todos nós, na tarefa de construirmos uma grande frente em defesa de um país cada vez mais justo, soberano e menos desigual”, falou o reitor da universidade, Dácio Roberto Matheus.

Em pronunciamento online, o atual presidente do Uruguai, Yamandú Orsi, também celebrou a homenagem a Mujica. “Agradeço sinceramente tudo o que o velho Pepe nos deixou, sejam lições ou uma forma de pensar, mas também agradeço a vocês por manterem a chama acesa e preservarem o que aprendemos. Aprendemos muito com isso”, disse ele.

Título

O título doutor honoris causa é a mais alta distinção acadêmica concedida por universidades a pessoas que se destacaram nas artes, ciências, educação, política, cultura ou causas humanitárias, contribuindo para o progresso social.

A concessão da honraria foi aprovada pelo Conselho Universitário em junho de 2024 e foi ratificado pela reitoria da universidade sob a justificativa de que Mujica foi um líder que promoveu valores como a democracia, a diversidade, a educação, a consciência ética e a integração regional.

Mujica faleceu no dia 13 de maio do ano passado, aos 89 anos, em Montevidéu, capital uruguaia.

Em 2024, quando foi informado sobre o título, Mujica manifestou o desejo de que Lula participasse da cerimônia de entrega da honraria. Lula também já foi agraciado com o mesmo título. Em 2013, o presidente foi a primeira pessoa a receber o título de doutor honoris causa da UFABC.","O presidente Luiz Inácio Lula da Silva defendeu nesta quinta-feira (19), em São Bernardo do Campo, no Grande ABC, que as terras raras e os minerais críticos existentes no Brasil são “a forma de recuperarmos a cidadania da América do Sul”.  ""E agora eles querem nos explorar e fazer a mesma coisa que os espanhóis fizeram com minério de ferro e com ouro: levar e deixar os buracos que eles cavam. E de",709,5,"mujica, lula, problemas, título, brasil, educação, uruguai, pepe"
Agência Brasil,politica,https://agenciabrasil.ebc.com.br/politica/noticia/2026-03/deputada-que-fez-blackface-em-sp-declarou-se-parda-justica-eleitoral,Deputada que fez blackface em SP declarou-se parda à Justiça Eleitoral,2026-03-23T00:00:00,,"Enquanto pintava o rosto e braços de preto para criticar a deputada federal Erika Hilton (PSOL), nessa quarta-feira (18), na Assembleia Legislativa de São Paulo (Alesp), a deputada estadual Fabiana Bolsonaro (PL) disse ser “branca”, mas quando se candidatou ao cargo atual, em 2022, declarou-se parda à Justiça Eleitoral.

A informação está no DivulgaCand, site do Tribunal Superior Eleitoral (TSE).



Essa questão foi tema de postagem da deputada estadual Monica Seixas (PSOL) em suas redes sociais.

“Blackface e fraudadora de cotas! Fabiana Bolsonaro, que disse ontem no plenário: ‘Sou branca. Se eu me travestir de preto sou preta?’, se declarou parda nas Eleições de 2022. Fui fuçar o repasse do PL do fundo especial racial e bingo. Achei ela na lista dos que receberam dinheiro do fundo.”

Candidatos pardos e negros podem, por lei, receber verbas do Fundo Eleitoral. Segundo o TSE, Fabiana recebeu um total de R$ 1.593,33 deste tipo de repasse.

>> Siga o canal da Agência Brasil no WhatsApp

Sem parentesco

A deputada do PL usa o sobrenome do ex-presidente Jair Bolsonaro, mas não tem qualquer grau de parentesco com ele.

Seu nome é Fabiana de Lima Barroso e adotou o “Bolsonaro” por considerar ter uma grande afinidade de ideias com o político que hoje está preso em Brasília.

Confira mais informações no Repórter Brasil Tarde, da TV Brasil

Entenda o caso

A deputada estadual conhecida como Fabiana Bolsonaro subiu na tribuna da Alesp, para se manifestar contra a eleição da deputada Federal Erika Hilton para a Comissão da Mulher, na Câmara. Ela se pintou rosto e braços de preto.

“Eu sou uma mulher. Não adianta se travestir de mulher. Eu não estou aqui ofendendo transexual, muito pelo contrário, eu estou dizendo ‘eu sou mulher, quero ser vista como mulher. A mulher do ano não pode ser transsexual”.

Devido à prática racista de blackface e às falas transfóbicas, deputados estaduais apresentaram pedido de cassação.","Enquanto pintava o rosto e braços de preto para criticar a deputada federal Erika Hilton (PSOL), nessa quarta-feira (18), na Assembleia Legislativa de São Paulo (Alesp), a deputada estadual Fabiana Bolsonaro (PL) disse ser “branca”, mas quando se candidatou ao cargo atual, em 2022, declarou-se parda à Justiça Eleitoral.  A informação está no DivulgaCand, site do Tribunal Superior Eleitoral (TSE).",317,4,"deputada, mulher, fabiana, bolsonaro, preto, estadual, eleitoral, fundo"
Agência Brasil,politica,https://agenciabrasil.ebc.com.br/politica/noticia/2026-03/deputados-pedem-cassacao-de-fabiana-bolsonaro-por-blackface-na-alesp,Deputados pedem cassação de Fabiana Bolsonaro por blackface na Alesp,2026-03-23T00:00:00,,"Deputada criticou a eleição de Erika Hilton para Comissão da Mulher

Um grupo de deputados estaduais de São Paulo entrou com um processo no Conselho de Ética da Assembleia Legislativa do Estado de São Paulo (Alesp) pedindo a cassação da deputada Fabiana Bolsonaro (PL), acusada da prática racista de blackface e discurso transfóbico no fim da tarde desta quarta-feira (18).

Em discurso no plenário, Fabiana criticou a eleição da deputada Erika Hilton (PSOL-SP), que é uma mulher trans, para presidente da Comissão da Mulher da Câmara dos Deputados.

Além de recorrer ao Conselho de Ética, a deputada estadual Mônica Seixas e a vereadora de São Paulo Luana Alves, ambas do PSOL, registraram um boletim de ocorrência contra Fabiana na Delegacia de Repressão aos Crimes Raciais e Delitos de Intolerância.

“Racismo e transfobia são crimes! Já acionamos o Conselho de Ética e estamos na delegacia exigindo responsabilização imediata”, escreveu Mônica nas redes sociais.

Fabiana Bolsonaro também foi denunciada ao Ministério Público de São Paulo por racismo, por iniciativa da deputada estadual Ediane Maria (PSOL).

>> Siga o canal da Agência Brasil no WhatsApp

Nas redes sociais, Fabiana disse que a atitude no plenário da Assembleia foi uma analogia.

“A analogia foi clara, só não entendeu quem não quis! Assim como eu não me torno negra só porque pintei a pele, ninguém que não nasceu mulher pode representar com legitimidade as dores biológicas, psicológicas e históricas que só as mulheres biológicas conhecem”, disse.

A deputada do PL também divulgou uma nota pública negando ter praticado blacface durante sua fala.

“Como deputada, afirmo com total clareza e responsabilidade jurídica: durante minha presença no Plenário da Assembleia Paulista não fiz blackface. É uma mentira deliberada para tentar calar um debate legítimo”.

Blackface

Durante um discurso, nesta quarta-feira, na tribuna da Alesp, enquanto se manifestava contra Erika, Fabiana pintou de marrom seu rosto e braços.

“Estou pintada de negra por fora. Eu me reconheço como negra. Por que então eu não posso presidir a Comissão sobre racismo, antirracista? Por que não posso cuidar dessa pauta? Porque eu não sou negra?”, disse.","Deputada criticou a eleição de Erika Hilton para Comissão da Mulher  Um grupo de deputados estaduais de São Paulo entrou com um processo no Conselho de Ética da Assembleia Legislativa do Estado de São Paulo (Alesp) pedindo a cassação da deputada Fabiana Bolsonaro (PL), acusada da prática racista de blackface e discurso transfóbico no fim da tarde desta quarta-feira (18).  Em discurso no plenário,",346,3,"deputada, fabiana, mulher, paulo, negra, erika, comissão, conselho"
Agência Brasil,politica,https://agenciabrasil.ebc.com.br/politica/noticia/2026-03/deputada-do-pl-de-s%C3%A3o-paulo-acusada-de-fazer-blackface-na-alesp,Deputada do PL de São Paulo é acusada de fazer blackface na Alesp,2026-03-23T00:00:00,,"A deputada estadual de São Paulo Fabiana Bolsonaro (PL) foi acusada de praticar blackface nesta quarta-feira (18) em um discurso na tribuna da Assembleia Legislativa do Estado de São Paulo (Alesp). Fabiana se pintou de preto para criticar a eleição da deputada federal Erika Hilton (PSOL- SP), uma mulher trans, como presidente da Comissão da Mulher da Câmara dos Deputados.

Blackface é uma prática racista em que pessoas brancas utilizam artifícios, como pintar a pele de preto, usar perucas ou outros acessórios, para simularem de forma caricata características físicas de pessoas negras. O termo foi criado nos Estados Unidos, onde atores brancos usavam graxa, carvão e outras ferramentas para representarem pessoas negras no palco, de forma estereotipada e degradante.

“Eu estou pintada de negra por fora. Eu me reconheço como negra. Por que então eu não posso presidir a Comissão sobre racismo, antirracista? Por que eu não posso cuidar dessa pauta? Porque eu não sou negra”, disse.

“Eu sou uma mulher. Não adianta se travestir de mulher. Eu não estou aqui ofendendo transexual, muito pelo contrário, eu estou dizendo, eu sou mulher, quero ser vista como mulher. A mulher do ano não pode ser trave (sic) transsexual”, acrescentou.

O presidente da Alesp, André do Prado (PL), e a deputada Erika Hilton foram procurados, mas ainda não responderam.

A deputada estadual paulista Mônica Seixas (PSOL) e a vereadora de São Paulo Luana Alves (PSOL) foram à Delegacia de Repressão aos Crimes Raciais e Delitos de Intolerância registrar boletim de ocorrência.

“Crime de racismo é inafiançável, aconteceu de forma televisionada sem nenhuma reação da presidência da Assembleia Legislativa ao fato da deputada Fabiana Bolsonaro ter feito blackface enquanto dizia impropérios transfóbicos na tribuna da Assembleia Legislativa”, disse Mônica Seixas pelas redes sociais.

“Eu tive muita dificuldade de registrar o flagrante, sendo que a Assembleia Legislativa no seu regimento interno Artigo 282 prevê que a autoridade policial tem que agir quando há crime flagrante no plenário da Assembleia Legislativa”, acrescentou.

A deputada disse ainda que irá tomar medidas de ordem criminal contra a deputada do PL.

""Nós vamos representar no Conselho de Ética. Estou exigindo da presidência da Assembleia Legislativa uma resposta e uma atuação agora, porque a população do estado, a população negra do estado de São Paulo merece respeito que não teve nessa Casa”.

Saiba mais sobre o caso no Repórter Brasil Tarde, da TV Brasil","A deputada estadual de São Paulo Fabiana Bolsonaro (PL) foi acusada de praticar blackface nesta quarta-feira (18) em um discurso na tribuna da Assembleia Legislativa do Estado de São Paulo (Alesp). Fabiana se pintou de preto para criticar a eleição da deputada federal Erika Hilton (PSOL- SP), uma mulher trans, como presidente da Comissão da Mulher da Câmara dos Deputados.  Blackface é uma prática",395,4,"deputada, mulher, assembleia, legislativa, paulo, estou, negra, fabiana"
Agência Brasil,politica,https://agenciabrasil.ebc.com.br/politica/noticia/2026-03/cpi-do-crime-aprova-pedido-para-investigar-beneficiarios-do-banco-master,CPI do Crime aprova pedido para investigar beneficiários do Master,2026-03-23T00:00:00,,"A Comissão Parlamentar de Inquérito (CPI) do Crime Organizado do Senado aprovou, nesta quarta-feira (18), requerimentos que buscam aprofundar as investigações sobre o esquema de fraudes do Banco Master, incluindo pedido de informações sobre os beneficiários finais dos fundos vinculados ao Master e à Reag Investimentos.

Por outro lado, a maioria da Comissão rejeitou, por seis votos contra dois, o pedido de quebra dos sigilos bancário e fiscal do ex-ministro da Fazenda Paulo Guedes que vem sendo apontado por parlamentares governistas como possível facilitador da fraude do Master por meio de políticas e resoluções normativas de desregulação do mercado financeiro.

Também foi rejeitado, por seis votos contra quatro, o pedido para convocar para CPI o presidente do Partido Liberal (PL), Valdemar da Costa Neto, como testemunha. Valdemar revelou, em entrevista, que o cunhado de Daniel Vorcaro, Fabiano Zettel, doou R$ 3 milhões para campanha de Bolsonaro, além de doações ao então candidato ao governo de São Paulo, Tarcísio de Freitas.

Por outro lado, a Comissão aprovou a convocação da ex-noiva de Vorcaro, a empresária e influenciadora Martha Graeff, que teria recebido imóvel de R$ 450 milhões do banqueiro. Os parlamentares apontam que a medida pode configurar ocultação de patrimônio.

>> Siga o canal da Agência Brasil no WhatsApp

Também foi aprovado a convocação de dirigentes e sócios e a quebra de sigilos fiscal, bancário e telefônico da Prime Aviation, empresa ligada à Vorcaro usada para transportar aliados e parceiros em voos particulares.

A autora dos requerimentos, a senadora Soraya Thronicke (Podemos/MG), justificou que a empresa seria “peça central” na rede de companhias usadas para lavagem de dinheiro, “que cedeu a aeronave para que o deputado Nikolas Ferreira (PL-MG) realizasse campanha para Jair Bolsonaro em 2022, demonstrando a proximidade do grupo com o núcleo político investigado”.

Foi aprovado ainda a convocação do ex-governador do Mato Grosso (MT), Pedro Taques, que tem denunciado fraudes em crédito consignados que teriam causado prejuízos a servidores estaduais.

A CPI iria ouvir, nesta manhã, o ex-diretor de fiscalização do Banco Central, Paulo Sérgio Neves de Souza, afastado do cargo por suspeitas de ligação com Vorcaro. Porém, decisão do ministro do Supremo Tribunal Federal (STF) André Mendonça tornou o comparecimento dele opcional, levando-o a não comparecer a sessão.

Confira as informações do Repórter Brasil Tarde, da TV Brasil

Beneficiários finais do Master

O relator da CPI do Crime Organizado, senador Alessandro Vieira (MDB-SE), apresentou requerimento para tentar chegar aos beneficiários finais dos fundos de investimento exclusivos ou restritos vinculados, geridos ou administrados pelo Master ou pela Reag Investimentos, ambos envolvidos na investigação sobre a fraude financeira bilionária.

O requerimento aprovado pede a identificação completa dos beneficiários finais desses fundos à Comissão de Valores Mobiliários (CVM), ao Banco Central (BC), à Receita Federal e a Associação Brasileira das Entidades dos Mercados Financeiro e de Capitais (Anbima).

“Um desafio imenso nesse trabalho de identificação desse fluxo de lavagem de dinheiro é chegar ao beneficiário final. Hoje você usa várias camadas de fundos para ocultar o verdadeiro destino e o verdadeiro dono do dinheiro”, explicou o relator.

Alessandro Vieira argumenta que esses fundos são, não raro, desvirtuados para fins criminosos. “O capital ilícito é inserido no mercado financeiro formal e distanciado de sua origem criminosa por meio de sucessivas transações aparentemente regulares”, escreveu o parlamentar no requerimento.

Requerimentos rejeitados

A oposição reclamou dos requerimentos apresentados para quebra de sigilos fiscal e bancário de integrantes do governo de Jair Bolsonaro, como o ex-ministro Paulo Guedes, e o pedido de convocação de Valdemar da Costa Neta, que acabaram rejeitados.

Também havia pedidos de quebra de sigilos do ex-presidente do BC Roberto Campos Neto, além João Roma, ex-ministro da Cidadania de Bolsonaro. Os requerimentos de Campos Neto e Roma acabaram retirados.

O senador Marco Rogério (PL-RO) argumentou que os pedidos fogem do escopo original da CPI e seriam motivados por disputas político-eleitorais.

“Responsabilizar ou quebrar o sigilo em razão de uma pseudo-acusação de possível envolvimento é algo absurdo, é algo que fragiliza o papel da CPI”, justificou o senador da oposição.

O senador Rogério Carvalho (PT-SE), por sua vez, lembrou que o esquema do Banco Master cresceu durante a gestão econômica do governo anterior, que deveria ter protegido o mercado de capitais do país.

“Aconteceu sob a guarda e a proteção do Banco Central, do Ministério da Fazenda e de um campo político. Então, não dá para a gente querer tirar a política deste escândalo. Foi debaixo do comando deles que esse escândalo nasceu, cresceu, brotou e deu os frutos”, ponderou.","A Comissão Parlamentar de Inquérito (CPI) do Crime Organizado do Senado aprovou, nesta quarta-feira (18), requerimentos que buscam aprofundar as investigações sobre o esquema de fraudes do Banco Master, incluindo pedido de informações sobre os beneficiários finais dos fundos vinculados ao Master e à Reag Investimentos.  Por outro lado, a maioria da Comissão rejeitou, por seis votos contra dois, o",748,9,"master, requerimentos, banco, fundos, comissão, pedido, beneficiários, finais"
Agência Brasil,politica,https://agenciabrasil.ebc.com.br/politica/noticia/2026-03/mujica-recebera-titulo-doutor-honoris-causa-da-universidade-do-abc,Mujica receberá título Doutor Honoris Causa da Universidade do ABC,2026-03-23T00:00:00,,"Homenagem póstuma terá presença de Lula e de viúva do uruguaio

O ex-presidente do Uruguai e ícone da da esquerda latino-americana José Pepe Mujica, que morreu no ano passado aos 89 anos, receberá o título de Doutor Honoris Causa pela Universidade Federal do ABC (UFABC).

A cerimônia está marcada para esta quinta-feira (19), no Centro de Formação e Educação Permanente (Cenforpe), em São Bernardo do Campo (SP).

Lucía Topolansky, ex-vice-presidenta do Uruguai e companheira de vida e trajetória política de Mujica, e o presidente Luiz Inácio Lula da Silva participam do evento.

A concessão da honraria foi aprovada pelo Conselho Universitário em junho de 2024, um ano antes da morte de Mujica.

A proposta foi encaminhada pela Associação dos Docentes da UFABC (ADUFABC) e pelo Sindicato dos Trabalhadores das Universidades Federais do ABC (SinTUFABC), com ratificação da reitoria.

>> Siga o canal da Agência Brasil no WhatsApp

Reconhecimento

A homenagem, agora póstuma, reconhece a trajetória de Mujica como liderança contemporânea associada à promoção de valores como democracia, diversidade, educação, consciência ética e integração regional.

O título é a mais alta distinção acadêmica concedida por universidades a pessoas que se destacaram nas artes, ciências, educação, política, cultura ou causas humanitárias, contribuindo para o progresso social.","Homenagem póstuma terá presença de Lula e de viúva do uruguaio  O ex-presidente do Uruguai e ícone da da esquerda latino-americana José Pepe Mujica, que morreu no ano passado aos 89 anos, receberá o título de Doutor Honoris Causa pela Universidade Federal do ABC (UFABC).  A cerimônia está marcada para esta quinta-feira (19), no Centro de Formação e Educação Permanente (Cenforpe), em São Bernardo d",204,3,"mujica, educação, homenagem, póstuma, lula, uruguai, título, ufabc"
Agência Brasil,politica,https://agenciabrasil.ebc.com.br/politica/noticia/2026-03/policia-legislativa-vai-investigar-vazamento-de-dados-de-vorcaro-0,Polícia Legislativa vai investigar vazamento de dados de Vorcaro,2026-03-23T00:00:00,,"Presidente da CPMI do INSS quer a prorrogação das investigações

O presidente da Comissão Parlamentar Mista de Inquérito que apura descontos irregulares em benefícios do Instituto Nacional do Seguro Social (INSS), senador Carlos Viana (Podemos-MG), afirmou, nesta terça-feira (17), que a Polícia Legislativa do Congresso Nacional irá investigar o vazamento das informações obtidas com a quebra dos sigilos bancário, fiscal e telemático do banqueiro Daniel Vorcaro, dono do Banco Master.

“Sabemos é que existiram tentativas e vazamentos de algumas informações que deveriam permanecer apenas no âmbito da investigação e informações particulares ligadas à quebra de sigilo de Daniel Vorcaro que poderiam inviabilizar as provas”, admitiu Viana.

Na segunda-feira, o ministro do Supremo tribunal Federal (STF) André Mendonça proibiu a CPMI do INSS de acessar dados do material apreendido armazenado na sala-cofre da comissão.

O parlamentar mineiro garante que as informações de foro íntimo do investigado não são de interesse da CPMI. “Nos interessa o relacionamento dele com entes da República, com o sistema financeiro e o esclarecimento de onde foi parar o dinheiro roubado dos brasileiros.”

Para dar sequência aos trabalhos dos parlamentares, o senador adiantou que pretende enviar um questionamento ao gabinete do ministro André Mendonça, no STF, para saber quando o material será devolvido, logo que as informações privadas forem retiradas do arquivo disponibilizado à CPMI.

Banco Central

O presidente Carlos Viana também confirmou que pretende convidar para depor no mesmo dia na CPMI do INSS o atual presidente do Banco Central, Gabriel Galípolo, e o ex-presidente da instituição Roberto Campos Neto.

O objetivo das oitivas simultâneas é ouvir as visões sobre o Caso Master e a oferta de crédito consignado em benefícios do INSS e evitar o confronto político entre governo e oposição.

“Da mesma forma que o escândalo do INSS passou por três governos, o Master também teve governos que influenciaram, porque não é um escândalo que começou agora”. Viana ressaltou que tanto Galípolo quanto Campos Neto têm explicações a dar.

“Minha ideia é convidarmos os dois para estarem juntos e receberem o mesmo tratamento diante da comissão e responderem a todas as perguntas de forma clara e transparente ao país"", disse o presidente da CPMI.

Confira mais informações sobre o assunto no Repórter Brasil, da TV Brasil

Operação Sem Desconto

Sobre a nova fase da Operação Sem Desconto, deflagrada pela Polícia Federal (PF), nesta terça-feira, o senador Viana comentou que a deputada Maria Gorete Pereira, apontada como uma das figuras centrais do esquema sob apuração, foi diversas vezes citada durante as audiências da CPMI do INSS.

Ao comentar o avanço das apurações, Viana prevê novas prisões.

“Já são 14 os presos ligados ao escândalo do INSS e outras prisões virão”, disse Carlos Viana.

O senador ainda destacou que, desde o início dos trabalhos, a CPMI do INSS atua de forma integrada com os órgãos de investigação e de controle. “Estamos diante de um esquema que atacou diretamente aposentados e pensionistas e que corrompeu boa parte do Estado brasileiro.”

Igreja Lagoinha

Questionado por jornalistas sobre o envio de recursos públicos de emendas parlamentares para uma associação ligada à Igreja Batista Lagoinha, Carlos Viana respondeu que seis igrejas apareceram nas investigações e que todos os sigilos bancários das pessoas investigadas foram quebrados.

A Igreja Batista da Lagoinha estaria envolvida em desdobramentos da Operação Compliance Zero, porque o cunhado do banqueiro Daniel Vorcaro e pastor afastado desta igreja, Fabiano Zettel, foi apontado pela Polícia Federal como operador financeiro do Master.

A instituição nega vínculos com Daniel Vorcaro e afirma que Zettel era voluntário.

Durante a entrevista coletiva no Senado Federal, Viana negou que a Igreja Lagoinha tenha recebido dinheiro do INSS.

“Há um relacionamento de um pastor que tinha uma igreja separada, CNPJ separado, e que tinha ligação com o [banco] Master. Ele [Fabiano Zettel] tem que dar explicações e já foi convocado [pela CPMI].”

Banco C6

Carlos Viana destacou que o presidente do INSS, Gilberto Waller Junior, publicou no Diário Oficial da União a suspensão de novas operações de crédito consignado envolvendo banco C6 em razão de descumprimento de regras e cobranças indevidas descontadas dos benefícios administrados pelo INSS, até que os valores sejam restituídos aos aposentados e pensionistas, com a devida correção.

“Sempre foi um apelo dessa presidência [da CPMI] interromper, imediatamente, as práticas abusivas, proteger o aposentado, corrigir o sistema e responsabilizar quem errou.”

Prorrogação da CPMI

Por fim, o presidente Carlos Viana defendeu a prorrogação do prazo dos trabalhos do colegiado, atualmente previstos para encerrar em 28 de março.","Presidente da CPMI do INSS quer a prorrogação das investigações  O presidente da Comissão Parlamentar Mista de Inquérito que apura descontos irregulares em benefícios do Instituto Nacional do Seguro Social (INSS), senador Carlos Viana (Podemos-MG), afirmou, nesta terça-feira (17), que a Polícia Legislativa do Congresso Nacional irá investigar o vazamento das informações obtidas com a quebra dos si",745,7,"inss, cpmi, viana, carlos, informações, banco, igreja, master"
Agência Brasil,economia,https://agenciabrasil.ebc.com.br/economia/noticia/2026-03/declaracao-do-imposto-de-renda-2026-ja-pode-ser-enviada,Declaração do Imposto de Renda 2026 já pode ser enviada,2026-03-23T00:00:00,,"Entrega vai até 29 de maio; Fisco espera receber 44 mi de documentos

Os contribuintes podem acertar as contas com o Leão. Começa às 8h desta segunda-feira (23) o envio da Declaração do Imposto de Renda Pessoa Física 2026 (ano-base 2025).

O prazo de entrega vai até 29 de maio, às 29h59min59s. Neste ano, o Fisco espera receber cerca de 44 milhões de declarações.

O Programa Gerador da Declaração pode ser baixado desde as 18h de quinta-feira (19). A partir desta segunda, o contribuinte também pode usar o site Meu Imposto de Renda, que permite o preenchimento online da declaração.

Neste ano, o prazo de entrega será mais curto que nos anos anteriores. Tradicionalmente, o envio das declarações começa em 15 de março ou no primeiro dia útil seguinte. Em 2026, no entanto, o Fisco adiou o início em uma semana.

Novidades

Entre as novidades da declaração deste ano estão mudanças na restituição, novas exigências para ganhos com apostas online e a possibilidade de uso de nome social na declaração.

Também haverá um cashback para pequenos contribuintes, com restituições automáticas a quem teve imposto retido na fonte no ano passado, mas ficou isento da declaração.

Principais mudanças

Nome social: contribuintes poderão informar nome social na declaração.

Dados de diversidade: formulário terá campo para informar raça e cor do titular e dos dependentes.

Declaração pré-preenchida: ficará disponível desde o primeiro dia do prazo, com mais informações automáticas.

Restituição em quatro lotes: pagamento ocorrerá em quatro etapas, e não mais em cinco.

Prioridade digital: quem usar declaração pré-preenchida e Pix terá prioridade no recebimento.

Cashback do IR

Uma das principais novidades é a criação de um “cashback” de restituição.

A medida permitirá que contribuintes isentos de declarar, mas que tiveram imposto retido na fonte, recebam automaticamente valores a que têm direito.

Principais pontos:

pagamento em lote especial em 15 de julho;

estimativa de 4 milhões de beneficiados;

restituição média de R$ 125;

valor máximo de R$ 1 mil;

previsão de R$ 500 milhões em pagamentos.

Quem terá direito

não estava obrigado a declarar em 2025;

tem restituição de até R$ 1 mil;

possui CPF regular e baixo risco fiscal;

em chave Pix vinculada ao CPF.

Bets e apostas

A Receita também passou a exigir a declaração de ganhos com apostas online.

Devem informar os valores os contribuintes que:

tiveram ganhos acima de R$ 28.467,20 em bets ou loterias de quota fixa em 2025;

possuíam saldo superior a R$ 5 mil em contas de apostas em 31 de dezembro de 2025.

Esses valores devem ser informados na declaração e podem gerar cobrança de imposto, dependendo da situação do contribuinte.

Quem deve declarar

Deve enviar a declaração quem, em 2025:

recebeu rendimentos tributáveis acima de R$ 35.584;

recebeu rendimentos isentos ou tributados na fonte acima de R$ 200 mil;

teve ganho de capital na venda de bens ou direitos;

realizou operações em bolsa acima de R$ 40 mil ou com lucro tributável;

teve receita rural acima de R$ 177.920;

possuía bens ou direitos acima de R$ 800 mil em 31 de dezembro;

passou à condição de residente no Brasil em 2025;

possui investimentos ou estruturas financeiras no exterior, como trusts ou offshores.

Quem está dispensado

Ficam dispensados da declaração os contribuintes que:

não se enquadram nos critérios de obrigatoriedade;

tiveram rendimentos declarados pelo cônjuge ou companheiro, com bens próprios abaixo de R$ 800 mil;

constam como dependentes em declaração de outra pessoa.

Calendário da restituição

Com um lote a menos neste ano, a restituição será paga nas seguintes datas:

1º lote: 29 de maio de 2026;

2º lote: 30 de junho de 2026;

3º lote: 31 de julho de 2026;

4º lote: 28 de agosto de 2026.

A ordem de pagamento segue a data de entrega da declaração, respeitando prioridades legais.

Prioridade no pagamento

A ordem de prioridade definida pela legislação é:

idosos acima de 80 anos;

idosos a partir de 60 anos, pessoas com deficiência ou doença grave;

contribuintes cuja principal renda seja magistério;

quem usar declaração pré-preenchida e Pix simultaneamente;

quem usar apenas um desses recursos (pré-preenchida ou Pix);

demais contribuintes.

Quem entregar a declaração após 29 de maio terá que pagar multa de pelo menos R$ 165,74, podendo chegar a 20% do imposto devido.","Entrega vai até 29 de maio; Fisco espera receber 44 mi de documentos  Os contribuintes podem acertar as contas com o Leão. Começa às 8h desta segunda-feira (23) o envio da Declaração do Imposto de Renda Pessoa Física 2026 (ano-base 2025).  O prazo de entrega vai até 29 de maio, às 29h59min59s. Neste ano, o Fisco espera receber cerca de 44 milhões de declarações.  O Programa Gerador da Declaração p",703,3,"declaração, contribuintes, restituição, acima, imposto, lote, entrega, maio"
Agência Brasil,economia,https://agenciabrasil.ebc.com.br/economia/noticia/2026-03/caixa-paga-bolsa-familia-beneficiarios-com-nis-de-final-4,Caixa paga Bolsa Família a beneficiários com NIS de final 4,2026-03-23T00:00:00,,"A Caixa Econômica Federal paga nesta segunda-feira (23) a parcela de março do Bolsa Família aos beneficiários com Número de Inscrição Social (NIS) de final 4.

O valor mínimo corresponde a R$ 600, mas com o novo adicional o valor médio do benefício sobe para R$ 683,75. Segundo o Ministério do Desenvolvimento e Assistência Social, neste mês o programa de transferência de renda do Governo Federal alcançará 18,73 milhões de famílias, com gasto de R$ 12,77 bilhões.

Além do benefício mínimo, há o pagamento de três adicionais. O Benefício Variável Familiar Nutriz paga seis parcelas de R$ 50 a mães de bebês de até seis meses de idade, para garantir a alimentação da criança. O Bolsa Família também paga um acréscimo de R$ 50 a gestantes e nutrizes (mães que amamentam), um de R$ 50 a cada filho de 7 a 18 anos e outro, de R$ 150, a cada criança de até 6 anos.

No modelo tradicional do Bolsa Família, o pagamento ocorre nos últimos dez dias úteis de cada mês. O beneficiário poderá consultar informações sobre as datas de pagamento, o valor do benefício e a composição das parcelas no aplicativo Caixa Tem, usado para acompanhar as contas poupança digitais do banco.

Pagamento unificado

Os beneficiários de 171 cidades de nove estados receberam o pagamento no último dia 18, independentemente do NIS. A medida beneficiou os moradores de 126 municípios do Rio Grande do Norte, que sofrem com a seca, e os moradores de Juiz de Fora, Ubá, Patrocínio do Muriaé e Formiga, em Minas Gerais, afetados por enchentes. Também foram beneficiadas cidades nos seguintes estados: Amazonas (3), Bahia (17), Paraná (1), Piauí (1), Rio de Janeiro (4), Roraima (6) e Sergipe (9).

Essas localidades foram afetadas por chuvas ou por estiagens ou têm povos indígenas em situação de vulnerabilidade. A lista dos municípios com pagamento antecipado está disponível na página do Ministério do Desenvolvimento e Assistência Social.

Desde 2024, os beneficiários do Bolsa Família não têm mais o desconto do Seguro Defeso. A mudança foi estabelecida pela Lei 14.601/2023, que resgatou o Programa Bolsa Família (PBF). O Seguro Defeso é pago a pessoas que sobrevivem exclusivamente da pesca artesanal e que não podem exercer a atividade durante o período da piracema (reprodução dos peixes).

Regra de proteção

Cerca de 2,35 milhões de famílias estão na regra de proteção em março. Essa regra permite que famílias cujos membros consigam emprego e melhorem a renda recebam 50% do benefício a que teriam direito por até dois anos, desde que cada integrante receba o equivalente a até meio salário mínimo. Neste mês, o benefício médio para elas está em R$ 368,97.

Em 2025, o tempo de permanência na regra de proteção foi reduzido de dois para um ano. No entanto, a mudança só abrange as famílias que entraram na fase de transição a partir de junho de 2025. Quem se enquadrou na regra até maio de 2025 continuará a receber metade do benefício por dois anos.","A Caixa Econômica Federal paga nesta segunda-feira (23) a parcela de março do Bolsa Família aos beneficiários com Número de Inscrição Social (NIS) de final 4.  O valor mínimo corresponde a R$ 600, mas com o novo adicional o valor médio do benefício sobe para R$ 683,75. Segundo o Ministério do Desenvolvimento e Assistência Social, neste mês o programa de transferência de renda do Governo Federal al",496,2,"benefício, pagamento, bolsa, família, regra, famílias, cada, paga"
Agência Brasil,economia,https://agenciabrasil.ebc.com.br/economia/noticia/2026-03/mega-sena-acumula-e-premio-vai-r-13-milhoes-quina-saiu-para-23,Mega-Sena acumula e prêmio vai a R$ 13 milhões; quina saiu para 23,2026-03-23T00:00:00,,"O concurso 2.987 da Mega-Sena, cujo sorteio foi realizado na noite desse sábado (21), em São Paulo, não teve nenhum acertador para os seis números e acumulou prêmio de R$ 13 milhões.

Os números sorteados foram 16 – 17 – 20 –28 – 46 – 47. A arrecadação total com o concurso 2.987 alcançou R$ 37.692.798,00, de acordo com informação da Caixa Econômica Federal.

A “quina” teve 23 apostas ganhadoras, que receberão R$ 65.305,07 cada, enquanto a “quadra” teve 1.950 apostas vencedoras, cujo prêmio será de R$ 1.269,66 cada.

O próximo sorteio da Mega-Sena será na terça-feira (24). O maior prêmio sorteado na história da Mega ocorreu no concurso 2.525, no dia 1º de outubro de 2022, no valor de R$ 317.853.788,54.

Os sorteios da Mega-Sena são realizados três vezes por semana, às terças e quintas-feiras e aos sábados. As apostas podem ser feitas até as 20h (horário de Brasília) nas casas lotéricas credenciadas pela Caixa Econômica Federal em todo o país, ou pela internet.","O concurso 2.987 da Mega-Sena, cujo sorteio foi realizado na noite desse sábado (21), em São Paulo, não teve nenhum acertador para os seis números e acumulou prêmio de R$ 13 milhões.  Os números sorteados foram 16 – 17 – 20 –28 – 46 – 47. A arrecadação total com o concurso 2.987 alcançou R$ 37.692.798,00, de acordo com informação da Caixa Econômica Federal.  A “quina” teve 23 apostas ganhadoras, q",165,3,"mega, concurso, sena, teve, prêmio, apostas, cujo, sorteio"
Agência Brasil,economia,https://agenciabrasil.ebc.com.br/economia/noticia/2026-03/caixa-paga-bolsa-familia-beneficiarios-com-nis-de-final-3,Caixa paga Bolsa Família a beneficiários com NIS de final 3,2026-03-23T00:00:00,,"A Caixa Econômica Federal paga nesta sexta-feira (20) a parcela de março do Bolsa Família aos beneficiários com Número de Inscrição Social (NIS) de final 3.

O valor mínimo corresponde a R$ 600, mas com o novo adicional o valor médio do benefício sobe para R$ 683,75. Segundo o Ministério do Desenvolvimento e Assistência Social, neste mês o programa de transferência de renda do Governo Federal alcançará 18,73 milhões de famílias, com gasto de R$ 12,77 bilhões.

Além do benefício mínimo, há o pagamento de três adicionais. O Benefício Variável Familiar Nutriz paga seis parcelas de R$ 50 a mães de bebês de até seis meses de idade, para garantir a alimentação da criança. O Bolsa Família também paga um acréscimo de R$ 50 a gestantes e nutrizes (mães que amamentam), um de R$ 50 a cada filho de 7 a 18 anos e outro, de R$ 150, a cada criança de até 6 anos.

No modelo tradicional do Bolsa Família, o pagamento ocorre nos últimos dez dias úteis de cada mês. O beneficiário poderá consultar informações sobre as datas de pagamento, o valor do benefício e a composição das parcelas no aplicativo Caixa Tem, usado para acompanhar as contas poupança digitais do banco.



>> Siga o canal da Agência Brasil no WhatsApp

Pagamento unificado

Os beneficiários de 171 cidades de nove estados receberam o pagamento na quarta-feira (18), independentemente do NIS. A medida beneficiou os moradores de 126 municípios do Rio Grande do Norte, que sofrem com a seca, e os moradores de Juiz de Fora, Ubá, Patrocínio do Muriaé e Formiga, em Minas Gerais, afetados por enchentes. Também foram beneficiadas cidades nos seguintes estados: Amazonas (3), Bahia (17), Paraná (1), Piauí (1), Rio de Janeiro (4), Roraima (6) e Sergipe (9).

Essas localidades foram afetadas por chuvas, por estiagens ou têm povos indígenas em situação de vulnerabilidade. A lista dos municípios com pagamento antecipado está disponível na página do Ministério do Desenvolvimento e Assistência Social.

Desde 2024, os beneficiários do Bolsa Família não têm mais o desconto do Seguro Defeso. A mudança foi estabelecida pela Lei 14.601/2023, que resgatou o Programa Bolsa Família (PBF). O Seguro Defeso é pago a pessoas que sobrevivem exclusivamente da pesca artesanal e que não podem exercer a atividade durante o período da piracema (reprodução dos peixes).

Regra de proteção

Cerca de 2,35 milhões de famílias estão na regra de proteção em março. Essa regra permite que famílias cujos membros consigam emprego e melhorem a renda recebam 50% do benefício a que teriam direito por até dois anos, desde que cada integrante receba o equivalente a até meio salário mínimo. Neste mês, o benefício médio para elas está em R$ 368,97.

Em 2025, o tempo de permanência na regra de proteção foi reduzido de dois para um ano. No entanto, a mudança só abrange as famílias que entraram na fase de transição a partir de junho de 2025. Quem se enquadrou na regra até maio de 2025 continuará a receber metade do benefício por dois anos.","A Caixa Econômica Federal paga nesta sexta-feira (20) a parcela de março do Bolsa Família aos beneficiários com Número de Inscrição Social (NIS) de final 3.  O valor mínimo corresponde a R$ 600, mas com o novo adicional o valor médio do benefício sobe para R$ 683,75. Segundo o Ministério do Desenvolvimento e Assistência Social, neste mês o programa de transferência de renda do Governo Federal alca",503,3,"benefício, pagamento, bolsa, família, regra, famílias, cada, paga"
Agência Brasil,economia,https://agenciabrasil.ebc.com.br/economia/noticia/2026-03/petrobras-diz-que-esta-entregando-todo-o-combustivel-produzido,Petrobras diz entregar todo o combustível produzido nas refinarias,2026-03-23T00:00:00,,"A Petrobras afirmou, em nota, que continua entregando ao mercado ""todo o volume de combustíveis produzidos em suas refinarias, que estão operando em carga máxima"".

A companhia diz ainda que tem ""ampliado e antecipado entregas às distribuidoras, fornecendo volumes de 15% superiores aos montantes acordados no início do mês"".

A manifestação ocorreu após, nesta quinta-feira (19), a Agência Nacional de Petróleo, Gás Natural e Biocombustíveis (ANP) informar que irá notificar a Petrobras para que oferte imediatamente os volumes de combustíveis referentes aos leilões de diesel e gasolina de março deste ano que haviam sido cancelados.

A Petrobras disse ainda que irá analisar o teor completo da decisão da ANP e avaliar todos os detalhes e implicações envolvidas.

""A Petrobras sempre prestou e continuará prestando todas as informações e esclarecimentos solicitados pela ANP, com a qual mantém relação de respeito e colaboração, conforme é a obrigação da empresa perante seu órgão regulador"", garantiu a companhia na nota.

>> Siga o canal da Agência Brasil no WhatsApp

Suspensão

Nessa quarta-feira (18), a presidente da Petrobras, Magda Chambriard, disse que a suspensão do leilão de diesel e gasolina está diretamente ligada à necessidade de reavaliar estoques. O mercado internacional de petróleo e derivados enfrenta cenário de incertezas por causa do conflito no Oriente Médio.

Segundo ela, o leilão foi suspenso, primeiramente, porque há necessidade de reavaliar todo o estoque disponível.

""Adiantamos entre 10% e 15% das nossas entregas de combustíveis. Mas as condições não permitiam mais que fizéssemos isso, sob risco de penalizar novamente a sociedade, que a gente procura resguardar das ansiedades e da volatilidade do mercado internacional"", disse a presidente.

ANP

Segundo a ANP, após a notificação, a Petrobras deve apresentar detalhes sobre importações previstas, produtos a serem ofertados, preços de compra e venda, datas de chegada e nome dos navios, e demais informações que aumente a previsibilidade do setor.

A agência informou também que, até o momento, não identifica restrições à manutenção das atividades ou à disponibilidade de combustíveis no mercado doméstico, considerando as fontes usuais de suprimento do país e as importações.","A Petrobras afirmou, em nota, que continua entregando ao mercado ""todo o volume de combustíveis produzidos em suas refinarias, que estão operando em carga máxima"".  A companhia diz ainda que tem ""ampliado e antecipado entregas às distribuidoras, fornecendo volumes de 15% superiores aos montantes acordados no início do mês"".  A manifestação ocorreu após, nesta quinta-feira (19), a Agência Nacional",343,4,"petrobras, mercado, combustíveis, agência, nota, companhia, entregas, volumes"
Agência Brasil,economia,https://agenciabrasil.ebc.com.br/economia/noticia/2026-03/sexto-lote-do-seguro-defeso-sera-disponibilizado-na-terca-feira,Sexto lote do seguro-defeso será disponibilizado na terça-feira,2026-03-23T00:00:00,,"Veja as regiões em que as inscrições ainda são permitidas

O sexto lote do Seguro Desemprego do Pescador Artesanal, o seguro-defeso, será paga na terça-feira (24) para 110.904 trabalhadores do ramo, cadastrados e em conformidade com as exigências do programa.

Estes trabalhadores receberão R$ 179,7 milhões. Os cinco lotes anteriores somaram 269.372 beneficiados, com as parcelas sendo sido liberadas semanalmente, totalizando R$ 616,3 milhões.

O valor do benefício equivale a um salário mínimo mensal, fixado em R$ 1.621. O seguro é pago a pescadores artesanais durante a paralisação da pesca (defeso), no período de reprodução de cada espécie, e pode durar até cinco meses, dependendo do calendário regional de proibição.

A maior parte do público beneficiado teve sua atividade impactada no período entre novembro de 2025 e fevereiro de 2026.

O ministro do Trabalho e Emprego, Luiz Marinho, ressaltou o compromisso da pasta com a correta concessão do benefício.

“O MTE tem trabalhado para garantir o pagamento de todos os pedidos de seguro-defeso que passaram por análise criteriosa, assegurando o direito de quem realmente vive da pesca.”

Troca de gestão

Em novembro do ano passado, a gestão do seguro-defeso foi reformulada passando do Instituto Nacional do Seguro Social (INSS) para o Ministério do Trabalho e Emprego (MTE). O objetivo da medida é diminuir o pagamento de benefícios indevidos – para pescadores que tem outras fontes de renda, por exemplo –, além de evitar fraudes.

O esforço de saneamento do programa também uniu a Controladoria Geral da União (CGU) e o MTE. Embora uma parcela relativamente pequena de benefícios tenha sido fraudada, o impacto das fraudes é considerável pois o programa já atendeu mais de 2 milhões de cadastrados em seu período de maior alcance.

Entre as alterações previstas na Medida Provisória (MP) nº 1.323, foi revisada a lista de documentos necessários para manter os cadastros ativos. Atualmente, as exigências incluem inscrição no Cadastro Único (CadÚnico), ter cadastro biométrico, entregar o Relatório do Exercício da Atividade Pesqueira (Reap), morar em município incluído no período de defeso e participar das entrevistas realizadas pela Fundacentro nos estados onde já ocorre a piracema (período de reprodução dos peixes), que são Bahia, Maranhão, Piauí, Pará e Amazonas. Nestes locais a Fundação registrou 514.127 atendimentos em 126 municípios.

Entre 1º de novembro de 2025 e 14 de março deste ano, o MTE recebeu 1.198.473 requerimentos individuais do benefício. As solicitações estão passando por triagem. Os estados com maior número de solicitações são Pará (351.502), Maranhão (336.803), Amazonas (106.632), Bahia (81.765) e Piauí (63.025).

Ficaram de fora dos lotes os pescadores que não apresentaram o Reap. Também foram excluídos aqueles que possuem vínculo empregatício, recebem aposentadoria, estão com o registro de pesca cancelado, atuam em atividades não previstas ou recebem benefício assistencial contínuo, como o Benefício de Prestação Continuada (BPC).","Veja as regiões em que as inscrições ainda são permitidas  O sexto lote do Seguro Desemprego do Pescador Artesanal, o seguro-defeso, será paga na terça-feira (24) para 110.904 trabalhadores do ramo, cadastrados e em conformidade com as exigências do programa.  Estes trabalhadores receberão R$ 179,7 milhões. Os cinco lotes anteriores somaram 269.372 beneficiados, com as parcelas sendo sido liberada",463,0,"seguro, defeso, benefício, período, programa, milhões, pescadores, pesca"
Agência Brasil,economia,https://agenciabrasil.ebc.com.br/economia/noticia/2026-03/conheca-servicos-de-orgaos-federais-para-se-proteger-de-golpes,Conheça serviços de órgãos federais para se proteger de golpes,2026-03-23T00:00:00,,"Com a proximidade do período para enviar a declaração do Imposto sobre a Renda, os contribuintes devem ficar atentos e reforçar a proteção para não cair em golpes virtuais.

Serviços da Receita Federal e do Banco Central protegem o Cadastro de Pessoa Física (CPF) contra golpistas, evitam a abertura de empresas em seu nome e ajudam no controle de contas bancárias. Conheça abaixo alguns serviços disponibilizados pelo governo federal.

Proteja seu CPF

No caso do CPF, a Receita Federal disponibiliza o serviço de “Proteção do CPF” que pode ser usado para impedir que um CPF seja incluído de forma indesejada no quadro societário de pessoas jurídicas. A ferramenta é gratuita e protege o documento em todo o território nacional.

“Caso deseje participar de algum CNPJ [Cadastro Nacional de Pessoas Jurídicas], o cidadão poderá reverter o impedimento de uso do seu CPF de forma simples, acessando a própria funcionalidade e alterando a situação”, informou o Ministério da Gestão e Inovação em Serviços Públicos.

Dados e contas bancárias

O Banco Central (BC) oferece a ferramenta BC Protege + que possibilita às pessoas informarem bancos e outras instituições do sistema financeiro que não têm interesse em abrir contas bancárias.

A ferramenta também impossibilita que as pessoas sejam incluídas como responsáveis em contas de terceiros ou empresas. O serviço é gratuito e pode ser ativado ou desativado por meio do Meu BC.

O BC oferece ainda o serviço Registrato, que amplia a segurança dos dados pessoais. Por meio dele, os cidadãos podem consultar dados pessoais ou de empresas que bancos e outras instituições do sistema financeiro compartilham com o Banco Central.

O serviço permite ao usuário verificar dívidas, conferir suas chaves Pix cadastradas e identificar contas que não reconhece, entre outros relatórios.

Caso encontre uma conta bancária falsa em seu nome, o usuário do sistema pode registrar um Boletim de Ocorrência na Polícia Civil e entrar em contato com o banco para bloquear e encerrar a conta.

O acesso é realizado por meio de uma conta Gov.br nível prata ou ouro, com a verificação em duas etapas habilitada. O acesso aos relatórios de empresas pode ser feito por pessoas devidamente cadastradas na plataforma de serviços do Governo do Brasil. O sistema também pode ser acessado no Meu BC.

Praticidade

Já a plataforma do Governo do Brasil possibilita o acesso a mais de 13 mil serviços digitais, por meio do Gov.br. Segundo o ministério, a ferramenta já é utilizada por mais de 174 milhões de usuários em todo o Brasil.

Para aumentar a segurança, o governo vem recomendando, desde o ano passado, a adoção da Verificação em Duas Etapas. A funcionalidade faz com que, sempre que você acessar algum serviço com a sua conta Gov.br, seja necessário inserir um código de acesso gerado no seu aplicativo da plataforma.

“Assim, mesmo que um terceiro mal-intencionado tenha acesso ao seu CPF e à sua senha, ou ao seu banco ou certificado digital, ele não poderá acessar sua conta sem o código de acesso. Para ativar a verificação em duas etapas, é necessário possuir uma conta nível Prata ou Ouro”, disse a pasta.","Com a proximidade do período para enviar a declaração do Imposto sobre a Renda, os contribuintes devem ficar atentos e reforçar a proteção para não cair em golpes virtuais.  Serviços da Receita Federal e do Banco Central protegem o Cadastro de Pessoa Física (CPF) contra golpistas, evitam a abertura de empresas em seu nome e ajudam no controle de contas bancárias. Conheça abaixo alguns serviços dis",515,4,"conta, acesso, serviços, banco, contas, serviço, pessoas, empresas"
Agência Brasil,economia,https://agenciabrasil.ebc.com.br/economia/noticia/2026-03/embrapa-inaugura-unidade-mista-de-pesquisa-e-inovacao-em-mato-grosso,Embrapa inaugura Unidade Mista de Pesquisa e Inovação em Mato Grosso,2026-03-23T00:00:00,,"Psicultura e horticultura estarão entre as prioridades do trabalho

A Empresa Brasileira de Pesquisa Agropecuária (Embrapa) vai inaugurar neste sábado (21) uma nova unidade em Nossa Senhora do Livramento, na Baixada Cuiabana, para impulsionar o desenvolvimento das comunidades rurais do Mato Grosso.

A Unidade Mista de Pesquisa e Inovação (Umipi) será instalada em uma área da União onde funcionou a estação experimental de piscicultura da Empresa Mato-grossense de Pesquisa, Assistência e Extensão Rural (Empaer). Está prevista a presença do ministro da Agricultura e Pecuária, Carlos Fávaro.

A Embrapa da Baixada Cuiabana atuará em pesquisa e transferência de tecnologia voltadas para uma região com características desafiadoras para a agropecuária, como as condições de solo, a baixa altitude e as altas temperaturas durante todo o ano.

Segurança alimentar

O foco será em atividades como fruticultura, mandiocultura, piscicultura e horticultura, além de sistemas produtivos agroflorestais e da integração lavoura-pecuária-floresta.

A chefe-geral da Embrapa Agrossilvipastoril, Laurimar Vendrusculo, explica que essa unidade vai auxiliar uma população que corresponde a 30% do Mato Grosso, em uma região habitada por comunidades quilombolas e indígenas. Com a atuação, espera-se um aumento da produção local de hortifrutis e piscicultura para prover segurança alimentar.

""A Baixada Cuiabana abarca cidades com IDH (índice de desenvolvimento humano) muito baixo. Estimular as Pancs [plantas alimentícias não convencionais] e hortas comunitárias é o nosso objetivo no sentido de capacitar nossos produtores e fortalecer as cooperativas”, disse.

Parcerias

A unidade mista consiste em um modelo de atuação no qual há cooperação entre instituições por meio do compartilhamento de infraestrutura e recursos humanos e financeiros.

Já foram firmados protocolos de intenções com a Universidade Federal de Mato Grosso (UFMT), a Universidade do Estado de Mato Grosso (Unemat), o Instituto Federal de Mato Grosso (IFMT), o Serviço Nacional de Aprendizagem Rural de Mato Grosso (Senar-MT), o Instituto Nacional de Pesquisa do Pantanal (INPP) e a Federação dos Trabalhadores na Agricultura do Estado de Mato Grosso (Fetagri-MT) para atuação no espaço.","Psicultura e horticultura estarão entre as prioridades do trabalho  A Empresa Brasileira de Pesquisa Agropecuária (Embrapa) vai inaugurar neste sábado (21) uma nova unidade em Nossa Senhora do Livramento, na Baixada Cuiabana, para impulsionar o desenvolvimento das comunidades rurais do Mato Grosso.  A Unidade Mista de Pesquisa e Inovação (Umipi) será instalada em uma área da União onde funcionou a",323,1,"mato, grosso, pesquisa, unidade, embrapa, baixada, cuiabana, piscicultura"
Agência Brasil,economia,https://agenciabrasil.ebc.com.br/economia/noticia/2026-03/governo-fiscalizou-11-mil-postos-de-combustiveis-para-evitar-abusos,"Governo fiscalizou 1,1 mil postos de combustíveis para evitar abusos",2026-03-23T00:00:00,,"Esforço é para coibir formação de carteis e crimes contra a economia

O governo federal aumentou a fiscalização sobre postos e distribuidoras de combustíveis para verificar o aumento abusivo de preço aos consumidores e a formação de cartéis em meio ao conflito provocado pelos Estados Unidos e Israel contra o Irã.

Desde 9 de março, a fiscalização feita por meio da Agência Nacional do Petróleo (ANP) e dos Procons estaduais e municipais percorreu 179 municípios em 25 estados e visitou 1.180 postos – de um universo de 41 mil postos.

Mais de 900 notificações foram aplicadas ao mercado de combustíveis, sendo 125 feitas a empresas distribuidoras.

Segundo o Ministro da Justiça e Segurança Pública, Wellington César Lima e Silva, a Secretaria Nacional do Consumidor (Senacom) já notificou empresas que correspondem a 70% do mercado de distribuição de combustíveis.

No total, 36 multas e interdições foram aplicadas a distribuidoras e postos.

“Esse ambiente de guerra de excepcionalidade não justifica práticas abusivas que estão sendo constatadas”, disse o ministro se referindo ao conflito no Oriente Médio e à elevação de preço nas bombas de diesel e gasolina.

O preço do barril de petróleo chegou ao pico de US$ 120 e momentos de maior volatilidade e há análises de mercado que não descartam elevações superiores, especialmente por causa da dificuldade de transporte do petróleo no Estreito de Omuz, por onde é comercializada cerca de 25% do volume global da mercadoria.

Lima e Silva também informou que foi assinada uma portaria criando uma força-tarefa para o monitoramento e a fiscalização dos mercados combustíveis “unindo e agregando” o trabalho da Senacon, da Polícia Federal e da Secretaria Nacional de Segurança Pública.

Segundo ele, a portaria que será publicada no Diário Oficial da União também serve como “reforço normativo” para que outros órgãos dos estados e dos municípios possam participar “com o lastro institucional adequado” no combate ao aumento de preços nas distribuidoras e bombas, formação de cartel de postos e de crimes contra a economia popular.","Esforço é para coibir formação de carteis e crimes contra a economia  O governo federal aumentou a fiscalização sobre postos e distribuidoras de combustíveis para verificar o aumento abusivo de preço aos consumidores e a formação de cartéis em meio ao conflito provocado pelos Estados Unidos e Israel contra o Irã.  Desde 9 de março, a fiscalização feita por meio da Agência Nacional do Petróleo (ANP",331,3,"postos, distribuidoras, combustíveis, formação, fiscalização, preço, estados, petróleo"
Agência Brasil,economia,https://agenciabrasil.ebc.com.br/economia/noticia/2026-03/anp-fiscaliza-distribuidoras-de-combustivel-no-rio-de-janeiro,ANP fiscaliza distribuidoras de combustível no Rio de Janeiro,2026-03-23T00:00:00,,"Fiscais apuram se houve aumento da margem de lucro

A Agência Nacional do Petróleo, Gás Natural e Biocombustíveis (ANP) realizou, nesta sexta-feira (20), fiscalização em base de distribuição em Duque de Caxias, no Rio de Janeiro, na qual operam várias distribuidoras de combustível.

Os fiscais apuram se houve aumento da margem de lucro de distribuidoras após os efeitos decorrentes da guerra no Oriente Médio.

A fiscalização, segundo a ANP, faz parte de uma série de ações realizadas ao longo da semana, em postos de combustíveis e distribuidoras com foco na apuração de possíveis abusos na cobrança de preços.

Nas ações, também são verificados aspectos de qualidade e outros itens relacionados às normas da ANP.

Apenas no local fiscalizado funcionam oito operadoras, que compram combustíveis de refinarias, inclusive da Petrobras, para comercializar no varejo.

A fiscalização envolve comparar notas fiscais emitidas antes e após o início da guerra no Oriente Médio.

A ANP ainda não divulgou o resultado da fiscalização.

Impacto da guerra

Desencadeadora do choque global de preços do petróleo, a ofensiva dos Estados Unidos e de Israel contra o Irã foi iniciada em 28 de fevereiro.

Uma das formas de retaliação do Irã é o ataque a países vizinhos produtores de petróleo e o bloqueio do Estreito de Ormuz, ligação marítima entre os golfos Pérsico e Omã, ao sul do Irã.

Por ali passam 20% da produção mundial de petróleo e gás.

A tensão na região pressiona a oferta de petróleo no mercado internacional, o que eleva a cotação dos preços.

O Irã chegou a alertar o mundo para se preparar para o petróleo a US$ 200.

No Brasil, a Petrobras reajustou o preço do diesel em R$ 0,38 no último sábado (14), mas, de acordo com a presidente da estatal, Magda Chambriard, o reajuste nas bombas foi suavizado pela desoneração (redução de tributos) efetuada pelo governo.

Aumento abusivo

Nesta sexta-feira, o ministro da Secretaria-Geral da Presidência da República, Guilherme Boulos, classificou como “banditismo” e criticou postos de combustíveis que aumentaram o preço do óleo diesel nas últimas semanas.

Para Boulos, o aumento do óleo diesel no país não é justificado pela guerra do Oriente Médio, uma vez que o governo federal anunciou medidas para conter a escalada de preços, como a redução a zero das alíquotas de impostos federais que incidem sobre o combustível (PIS e Cofins).

O governo também propôs aos estados a redução do Imposto sobre Circulação de Mercadorias e Serviços (ICMS) incidente sobre o diesel importado.

* Colaborou Vladimir Platonow, repórter da TV Brasil","Fiscais apuram se houve aumento da margem de lucro  A Agência Nacional do Petróleo, Gás Natural e Biocombustíveis (ANP) realizou, nesta sexta-feira (20), fiscalização em base de distribuição em Duque de Caxias, no Rio de Janeiro, na qual operam várias distribuidoras de combustível.  Os fiscais apuram se houve aumento da margem de lucro de distribuidoras após os efeitos decorrentes da guerra no Ori",419,6,"petróleo, aumento, fiscalização, guerra, preços, diesel, fiscais, distribuidoras"
Agência Brasil,economia,https://agenciabrasil.ebc.com.br/economia/noticia/2026-03/dolar-sobe-r-530-e-ibovespa-cai-225-com-tensao-global,"Dólar sobe a R$ 5,30, e Ibovespa cai 2,25% com tensão global",2026-03-23T00:00:00,,"Em um novo dia de tensão no mercado financeiro, o dólar voltou a superar R$ 5,30, enquanto o Ibovespa recuou mais de 2%. A instabilidade refletiu a aversão global ao risco diante da escalada do conflito no Oriente Médio e do avanço dos preços de energia.

O dólar comercial encerrou esta sexta-feira (20) vendido a R$ 5,309, com alta de R$ 0,093 (+1,79%). A cotação abriu em torno de R$ 5,24 e acelerou a alta após a abertura dos mercados nos Estados Unidos.

No maior nível desde o dia 13, a moeda estadunidense sobe 3,41% em março. Em 2026, no entanto, a divisa recua 3,28%.

No mercado de ações, a tensão também foi grande. O índice Ibovespa, da B3, fechou o dia aos 176.219 pontos, com queda de 2,25%. O indicador está no menor nível desde 22 de janeiro.

A bolsa brasileira recuou 0,81% e acumula perda de 6,66% em março. Em 2026, porém, sobe 9,37%. Essa foi a quarta semana consecutiva de queda no Ibovespa.

Pressão externa

O movimento foi impulsionado pela valorização global do dólar e pela alta dos juros nos Estados Unidos, em meio à reavaliação das expectativas para a política monetária.

Investidores passaram a considerar a possibilidade de que o Federal Reserve (Fed, Banco Central estadunidense) adote uma postura mais rígida diante do risco inflacionário provocado pelo encarecimento da energia.

As taxas dos títulos do Tesouro dos Estados Unidos avançaram, pressionando ativos de maior risco, especialmente em países emergentes.

Guerra no radar

O agravamento das tensões envolvendo o Irã elevou a incerteza global. Informações sobre possível envio de tropas dos Estados Unidos e ameaças de interrupção no fornecimento de petróleo ampliaram a cautela nos mercados.

O risco de bloqueio do Estreito de Ormuz, rota estratégica para o transporte de petróleo, reforçou temores de choque prolongado nos preços de energia.

Petróleo em alta

Os contratos internacionais de petróleo registraram nova alta. O Brent, referência global, fechou acima de US$ 112 por barril, com alta de mais de 3%. Durante o dia, a cotação chegou a US$ 115.

Relatórios de instituições financeiras indicam que, em caso de interrupção prolongada no fluxo de petróleo, os preços podem permanecer elevados por meses, pressionando a inflação global.

Impacto no Brasil

No mercado doméstico, o real teve um dos piores desempenhos entre moedas emergentes, refletindo a saída de recursos e a redução de posições em ativos locais.

A alta dos juros globais e a incerteza externa também impactaram a bolsa brasileira, com queda disseminada entre ações sensíveis ao ciclo econômico e ao crédito.

Papéis de setores como construção civil e varejo foram especialmente pressionados, acompanhando a disparada dos juros no mercado futuro.

* com informações da Reuters","Em um novo dia de tensão no mercado financeiro, o dólar voltou a superar R$ 5,30, enquanto o Ibovespa recuou mais de 2%. A instabilidade refletiu a aversão global ao risco diante da escalada do conflito no Oriente Médio e do avanço dos preços de energia.  O dólar comercial encerrou esta sexta-feira (20) vendido a R$ 5,309, com alta de R$ 0,093 (+1,79%). A cotação abriu em torno de R$ 5,24 e aceler",445,7,"alta, global, petróleo, mercado, risco, estados, unidos, dólar"
Agência Brasil,economia,https://agenciabrasil.ebc.com.br/economia/noticia/2026-03/bc-comunica-exposicao-de-dados-de-28-mil-chaves-pix,BC comunica exposição de dados de 28 mil chaves Pix,2026-03-23T00:00:00,,"Um total de 28.203 chaves Pix de clientes da Pefisa S.A. tiveram dados vazados, informou nesta sexta-feira (20) o Banco Central (BC). Esse foi o terceiro incidente com o Pix em 2026 e o 23º desde o lançamento do sistema instantâneo de pagamentos, em novembro de 2020.

Segundo o BC, a exposição ocorreu de 30 de agosto de 2025 a 27 de fevereiro de 2026 e abrangeu as seguintes informações:

nome do usuário;

CPF;

instituição de relacionamento;

número da agência;

número e tipo da conta;

data de abertura da conta;

e data de criação e de posse da chave Pix.

O incidente, apontou o BC, ocorreu por causa de falhas pontuais em sistemas da instituição de pagamento. A exposição, informou o BC, ocorreu em dados cadastrais, que não afetam a movimentação de dinheiro. Dados protegidos pelo sigilo bancário, como saldos, senhas e extratos, não foram expostos.

Embora o caso não precisasse ser comunicado por causa do baixo impacto potencial para os clientes, a autarquia esclareceu que decidiu divulgar o incidente em nome do “compromisso com a transparência”.

Todas as pessoas que tiveram informações expostas serão avisadas por meio do aplicativo ou do internet banking da instituição. O Banco Central ressaltou que esses serão os únicos meios de aviso para a exposição das chaves Pix e pediu para os clientes desconsiderarem comunicações como chamadas telefônicas, SMS e avisos por aplicativos de mensagens e por e-mail.

Investigação

A exposição de dados não significa necessariamente que todas as informações tenham vazado, mas que ficaram visíveis para terceiros durante algum tempo e podem ter sido capturadas. O BC informou que o caso será investigado e que sanções poderão ser aplicadas. A legislação prevê multa, suspensão ou até exclusão do sistema do Pix, dependendo da gravidade do caso.

Em todos os 23 incidentes com chaves Pix registrados até agora, foram expostas informações cadastrais, sem a exposição de senhas e de saldos bancários. Por determinação da Lei Geral de Proteção de Dados, a autoridade monetária mantém uma página em que os cidadãos podem acompanhar incidentes relacionados com a chave Pix ou demais dados pessoais em poder do BC.

Com 5 milhões de clientes ativos, a Pefisa S.A. (Credito, Financiamento e Investimento) é a fintech e braço financeiro do grupo Pernambucanas. A empresa gerencia a conta digital, cartões Elo (Mais/Grafite), empréstimos, seguros e Pix da loja, concentrando-se em soluções de varejo físicas e digitais. A reportagem tenta contato com a instituição.","Um total de 28.203 chaves Pix de clientes da Pefisa S.A. tiveram dados vazados, informou nesta sexta-feira (20) o Banco Central (BC). Esse foi o terceiro incidente com o Pix em 2026 e o 23º desde o lançamento do sistema instantâneo de pagamentos, em novembro de 2020.  Segundo o BC, a exposição ocorreu de 30 de agosto de 2025 a 27 de fevereiro de 2026 e abrangeu as seguintes informações:  nome do u",404,1,"dados, exposição, clientes, informações, instituição, chaves, incidente, ocorreu"
